Ano,Mês,Região,Estação,Energia
2004,1,Brasil,Verão,26978358.020000007
2004,2,Brasil,Verão,26508170.77
2004,3,Brasil,Outono,27284329.409999996
2004,4,Brasil,Outono,28046182.351
2004,5,Brasil,Outono,27244506.479999993
2004,6,Brasil,Inverno,27082961.479999997
2004,7,Brasil,Inverno,27346004.67
2004,8,Brasil,Inverno,27656857.789999995
2004,9,Brasil,Primavera,28232451.24000001
2004,10,Brasil,Primavera,28556120.939999994
2004,11,Brasil,Primavera,28367124.049999993
2004,12,Brasil,Verão,28562106.43
2005,1,Brasil,Verão,28375437.441
2005,2,Brasil,Verão,27838480.970000003
2005,3,Brasil,Outono,28598631.508999996
2005,4,Brasil,Outono,29355501.910000008
2005,5,Brasil,Outono,28482150.609999996
2005,6,Brasil,Inverno,28326181.920000013
2005,7,Brasil,Inverno,28322317.11999999
2005,8,Brasil,Inverno,28764354.809000008
2005,9,Brasil,Primavera,29335128.080000013
2005,10,Brasil,Primavera,29145312.05000001
2005,11,Brasil,Primavera,29287617.219999995
2005,12,Brasil,Verão,29505146.070000004
2006,1,Brasil,Verão,28880910.62
2006,2,Brasil,Verão,29383486.499999993
2006,3,Brasil,Outono,29897827.73
2006,4,Brasil,Outono,29887953.009999998
2006,5,Brasil,Outono,28925038.559999995
2006,6,Brasil,Inverno,29068797.599999994
2006,7,Brasil,Inverno,29113809.229999993
2006,8,Brasil,Inverno,29886236.06
2006,9,Brasil,Primavera,29916630.53900001
2006,10,Brasil,Primavera,30143525.320000004
2006,11,Brasil,Primavera,30531121.359999992
2006,12,Brasil,Verão,30493979.03000001
2007,1,Brasil,Verão,30699704
2007,2,Brasil,Verão,30324669
2007,3,Brasil,Outono,31312900
2007,4,Brasil,Outono,32030744
2007,5,Brasil,Outono,31382917
2007,6,Brasil,Inverno,30766760
2007,7,Brasil,Inverno,30500299
2007,8,Brasil,Inverno,31181133
2007,9,Brasil,Primavera,31735736
2007,10,Brasil,Primavera,32135735
2007,11,Brasil,Primavera,32654491
2007,12,Brasil,Verão,32304926
2008,1,Brasil,Verão,31855946.27
2008,2,Brasil,Verão,31730940.65
2008,3,Brasil,Outono,32118714.86
2008,4,Brasil,Outono,31952656.29
2008,5,Brasil,Outono,32299963.39
2008,6,Brasil,Inverno,31742987.79
2008,7,Brasil,Inverno,32150352.03
2008,8,Brasil,Inverno,33013528.63
2008,9,Brasil,Primavera,32964086.69
2008,10,Brasil,Primavera,33673777.379999995
2008,11,Brasil,Primavera,33410166.509999998
2008,12,Brasil,Verão,31559278.490000002
2009,1,Brasil,Verão,30666661.8
2009,2,Brasil,Verão,30495142.71
2009,3,Brasil,Outono,31977749.51
2009,4,Brasil,Outono,32042792.8
2009,5,Brasil,Outono,30945452.900000002
2009,6,Brasil,Inverno,30715169.95
2009,7,Brasil,Inverno,31324991.23
2009,8,Brasil,Inverno,32262205.6
2009,9,Brasil,Primavera,32716665.810000002
2009,10,Brasil,Primavera,33419533.139999997
2009,11,Brasil,Primavera,33616820.2
2009,12,Brasil,Verão,34123194.7
2010,1,Brasil,Verão,33360460.71
2010,2,Brasil,Verão,33729757.75
2010,3,Brasil,Outono,35116881.82
2010,4,Brasil,Outono,35025860.489999995
2010,5,Brasil,Outono,34296978
2010,6,Brasil,Inverno,34169459
2010,7,Brasil,Inverno,33849349
2010,8,Brasil,Inverno,34713394.230000004
2010,9,Brasil,Primavera,35182271.010000005
2010,10,Brasil,Primavera,35188924.99
2010,11,Brasil,Primavera,35077981.26
2010,12,Brasil,Verão,35956439.4
2011,1,Brasil,Verão,35873744.260000005
2011,2,Brasil,Verão,35444916.66
2011,3,Brasil,Outono,36350690.05
2011,4,Brasil,Outono,36048318.05
2011,5,Brasil,Outono,35565987.39
2011,6,Brasil,Inverno,35159573.72
2011,7,Brasil,Inverno,35417292.620000005
2011,8,Brasil,Inverno,36335812.84
2011,9,Brasil,Primavera,36965189.34
2011,10,Brasil,Primavera,36743770.379999995
2011,11,Brasil,Primavera,36368389.769999996
2011,12,Brasil,Verão,36741948.78
2012,1,Brasil,Verão,36305167.29000001
2012,2,Brasil,Verão,36888068.019999996
2012,3,Brasil,Outono,38635573.72
2012,4,Brasil,Outono,37995869.09
2012,5,Brasil,Outono,36810191.03
2012,6,Brasil,Inverno,36528393.11
2012,7,Brasil,Inverno,35917147.199999996
2012,8,Brasil,Inverno,37179602.53
2012,9,Brasil,Primavera,37661696.120000005
2012,10,Brasil,Primavera,37796014.07
2012,11,Brasil,Primavera,38643584.230000004
2012,12,Brasil,Verão,37765084.440000005
2013,1,Brasil,Verão,38366809.739999995
2013,2,Brasil,Verão,38001415.72
2013,3,Brasil,Outono,38442191.55
2013,4,Brasil,Outono,38653663.43
2013,5,Brasil,Outono,38344861.57
2013,6,Brasil,Inverno,37627698.010000005
2013,7,Brasil,Inverno,37697945.03
2013,8,Brasil,Inverno,38613276.260000005
2013,9,Brasil,Primavera,38524724.16
2013,10,Brasil,Primavera,39389004.379999995
2013,11,Brasil,Primavera,39920289.54
2013,12,Brasil,Verão,39556378.239999995
2014,1,Brasil,Verão,40279759
2014,2,Brasil,Verão,41653487
2014,3,Brasil,Outono,40315392
2014,4,Brasil,Outono,39550251
2014,5,Brasil,Outono,39100499
2014,6,Brasil,Inverno,37726472.88
2014,7,Brasil,Inverno,37765729
2014,8,Brasil,Inverno,38651774
2014,9,Brasil,Primavera,38894976
2014,10,Brasil,Primavera,40100440.59
2014,11,Brasil,Primavera,40950726.39
2014,12,Brasil,Verão,39838307.03
2015,1,Brasil,Verão,40760683.53
2015,2,Brasil,Verão,40723219.36
2015,3,Brasil,Outono,39765521.39
2015,4,Brasil,Outono,39602500.300000004
2015,5,Brasil,Outono,38208982.339999996
2015,6,Brasil,Inverno,37269714.830000006
2015,7,Brasil,Inverno,36819663.29
2015,8,Brasil,Inverno,37861860.11000001
2015,9,Brasil,Primavera,37844661.6
2015,10,Brasil,Primavera,39282717.57000001
2015,11,Brasil,Primavera,39230586.370000005
2015,12,Brasil,Verão,38676460.36000001
2016,1,Brasil,Verão,38408542.10000001
2016,2,Brasil,Verão,38733769.57
2016,3,Brasil,Outono,39451889.24
2016,4,Brasil,Outono,40276231.080000006
2016,5,Brasil,Outono,38652561.57999999
2016,6,Brasil,Inverno,37557220.230000004
2016,7,Brasil,Inverno,37261270.92
2016,8,Brasil,Inverno,37698998.25
2016,9,Brasil,Primavera,38351221.93
2016,10,Brasil,Primavera,38204182.24
2016,11,Brasil,Primavera,38759185.059999995
2016,12,Brasil,Verão,38782644.980000004
2017,1,Brasil,Verão,39358019.58
2017,2,Brasil,Verão,38847236.49
2017,3,Brasil,Outono,40552671.160000004
2017,4,Brasil,Outono,39436572.29
2017,5,Brasil,Outono,38159955.32
2017,6,Brasil,Inverno,38119592.089999996
2017,7,Brasil,Inverno,37383447.35999999
2017,8,Brasil,Inverno,37867561.849999994
2017,9,Brasil,Primavera,39013960.43
2017,10,Brasil,Primavera,39351761.02
2017,11,Brasil,Primavera,39833033.26
2017,12,Brasil,Verão,39610218.910000004
2018,1,Brasil,Verão,40058305.8
2018,2,Brasil,Verão,39174100.749999985
2018,3,Brasil,Outono,41112932.61999999
2018,4,Brasil,Outono,40697563.25000002
2018,5,Brasil,Outono,39267849.54999999
2018,6,Brasil,Inverno,38207689.970000006
2018,7,Brasil,Inverno,38515114.91
2018,8,Brasil,Inverno,39056711.430000015
2018,9,Brasil,Primavera,39046236.540000014
2018,10,Brasil,Primavera,40402554.07000001
2018,11,Brasil,Primavera,40414059.50100003
2018,12,Brasil,Verão,40033442.06999999
2019,1,Brasil,Verão,41654959.989999995
2019,2,Brasil,Verão,41170919.40999998
2019,3,Brasil,Outono,41155262.42000001
2019,4,Brasil,Outono,39731356.75999998
2019,5,Brasil,Outono,40487228.46
2019,6,Brasil,Inverno,38448963.43000002
2019,7,Brasil,Inverno,38353669.269999996
2019,8,Brasil,Inverno,38649212.86899999
2019,9,Brasil,Primavera,39269725.02099998
2019,10,Brasil,Primavera,41075150.13000002
2019,11,Brasil,Primavera,41779611.56000002
2019,12,Brasil,Verão,40810007.45000001
2020,1,Brasil,Verão,41337389.0101
2020,2,Brasil,Verão,40969701.86999999
2020,3,Brasil,Outono,41146409.01900001
2020,4,Brasil,Outono,37272076.859999985
2020,5,Brasil,Outono,36129788.54010001
2020,6,Brasil,Inverno,35774623.69999998
2020,7,Brasil,Inverno,37874852.129000016
2020,8,Brasil,Inverno,39250276.900000006
2020,9,Brasil,Primavera,40360042.64899999
2020,10,Brasil,Primavera,42931283.500999995
2020,11,Brasil,Primavera,41438765.789900005
2020,12,Brasil,Verão,42169432.53
2021,1,Brasil,Verão,43093327.86000001
2021,2,Brasil,Verão,41507062.78999999
2021,3,Brasil,Outono,43661452.061
2021,4,Brasil,Outono,42657441.68000001
2021,5,Brasil,Outono,40784637.999999985
2021,6,Brasil,Inverno,40428922.62999999
2021,7,Brasil,Inverno,40190502.12000002
2021,8,Brasil,Inverno,40908016.07
2021,9,Brasil,Primavera,41952552.080000006
2021,10,Brasil,Primavera,42596650.58099999
2021,11,Brasil,Primavera,41869275.91099998
2021,12,Brasil,Verão,42915950.780000016
2022,1,Brasil,Verão,42532862.36000001
2022,2,Brasil,Verão,41848960.54
2022,3,Brasil,Outono,44674065.28000001
2022,4,Brasil,Outono,43210840.669999994
2022,5,Brasil,Outono,42050012.731000006
2022,6,Brasil,Inverno,40938867.979
2022,7,Brasil,Inverno,41232572.94999999
2022,8,Brasil,Inverno,42120706.90000001
2022,9,Brasil,Primavera,42310335.85999999
2022,10,Brasil,Primavera,42519057.32899998
2022,11,Brasil,Primavera,42753582.83000002
2022,12,Brasil,Verão,43230081.04000003
2023,1,Brasil,Verão,42549223.7
2023,2,Brasil,Verão,43078899.11110001
2023,3,Brasil,Outono,45714391.09099998
2023,4,Brasil,Outono,44884947.12999998
2023,5,Brasil,Outono,43164881.79900002
2023,6,Brasil,Inverno,42649622.92999998
2023,7,Brasil,Inverno,42002500.300000004
2023,8,Brasil,Inverno,43418716.70999998
2023,9,Brasil,Primavera,44477047.34099999
2023,10,Brasil,Primavera,46048083.978999995
2023,11,Brasil,Primavera,46669820.080000006
2023,12,Brasil,Verão,47213726.92999998
2024,1,Brasil,Verão,46835420.17100002
2024,2,Brasil,Verão,46309139.48109998
2024,3,Brasil,Outono,47827070.53890002
2024,4,Brasil,Outono,47337699.25999999
2004,1,Centro-Oeste,Verão,1507173.8599999999
2004,2,Centro-Oeste,Verão,1456012.8099999998
2004,3,Centro-Oeste,Outono,1534843.53
2004,4,Centro-Oeste,Outono,1610686.661
2004,5,Centro-Oeste,Outono,1565788.16
2004,6,Centro-Oeste,Inverno,1577196.8599999999
2004,7,Centro-Oeste,Inverno,1611749.63
2004,8,Centro-Oeste,Inverno,1645690
2004,9,Centro-Oeste,Primavera,1727167.04
2004,10,Centro-Oeste,Primavera,1743498.5400000003
2004,11,Centro-Oeste,Primavera,1604807.35
2004,12,Centro-Oeste,Verão,1635113.54
2005,1,Centro-Oeste,Verão,1584818.411
2005,2,Centro-Oeste,Verão,1569677.7699999998
2005,3,Centro-Oeste,Outono,1650311.409
2005,4,Centro-Oeste,Outono,1726784.1800000002
2005,5,Centro-Oeste,Outono,1672357.34
2005,6,Centro-Oeste,Inverno,1664488.35
2005,7,Centro-Oeste,Inverno,1725940.36
2005,8,Centro-Oeste,Inverno,1717071.319
2005,9,Centro-Oeste,Primavera,1773066.36
2005,10,Centro-Oeste,Primavera,1755983.56
2005,11,Centro-Oeste,Primavera,1742753.99
2005,12,Centro-Oeste,Verão,1659776.5999999999
2006,1,Centro-Oeste,Verão,1616576.9100000001
2006,2,Centro-Oeste,Verão,1667053.57
2006,3,Centro-Oeste,Outono,1696019.7600000002
2006,4,Centro-Oeste,Outono,1741199.9499999997
2006,5,Centro-Oeste,Outono,1684272.2999999998
2006,6,Centro-Oeste,Inverno,1687686.7299999997
2006,7,Centro-Oeste,Inverno,1711640.2200000002
2006,8,Centro-Oeste,Inverno,1784862.7599999998
2006,9,Centro-Oeste,Primavera,1803594.3990000002
2006,10,Centro-Oeste,Primavera,1796282.74
2006,11,Centro-Oeste,Primavera,1760243.55
2006,12,Centro-Oeste,Verão,1742376.14
2007,1,Centro-Oeste,Verão,1777869
2007,2,Centro-Oeste,Verão,1721235
2007,3,Centro-Oeste,Outono,1794315
2007,4,Centro-Oeste,Outono,1913899
2007,5,Centro-Oeste,Outono,1850379
2007,6,Centro-Oeste,Inverno,1782765
2007,7,Centro-Oeste,Inverno,1809181
2007,8,Centro-Oeste,Inverno,1852096
2007,9,Centro-Oeste,Primavera,1879754
2007,10,Centro-Oeste,Primavera,1959172
2007,11,Centro-Oeste,Primavera,1878019
2007,12,Centro-Oeste,Verão,1812654
2008,1,Centro-Oeste,Verão,1811526
2008,2,Centro-Oeste,Verão,1831601
2008,3,Centro-Oeste,Outono,1834538
2008,4,Centro-Oeste,Outono,1907878
2008,5,Centro-Oeste,Outono,1970422
2008,6,Centro-Oeste,Inverno,1972284
2008,7,Centro-Oeste,Inverno,1946593
2008,8,Centro-Oeste,Inverno,2042416
2008,9,Centro-Oeste,Primavera,2108120
2008,10,Centro-Oeste,Primavera,2124102
2008,11,Centro-Oeste,Primavera,2137678
2008,12,Centro-Oeste,Verão,1965241
2009,1,Centro-Oeste,Verão,1940597.8
2009,2,Centro-Oeste,Verão,1936622.71
2009,3,Centro-Oeste,Outono,2030079.51
2009,4,Centro-Oeste,Outono,2116832.8
2009,5,Centro-Oeste,Outono,2065496.9000000001
2009,6,Centro-Oeste,Inverno,2007688.95
2009,7,Centro-Oeste,Inverno,2073014.23
2009,8,Centro-Oeste,Inverno,2135407.6
2009,9,Centro-Oeste,Primavera,2166274.71
2009,10,Centro-Oeste,Primavera,2204466.14
2009,11,Centro-Oeste,Primavera,2127835.8000000003
2009,12,Centro-Oeste,Verão,2092065.5
2010,1,Centro-Oeste,Verão,2072325
2010,2,Centro-Oeste,Verão,2070746
2010,3,Centro-Oeste,Outono,2168697
2010,4,Centro-Oeste,Outono,2188420
2010,5,Centro-Oeste,Outono,2190813
2010,6,Centro-Oeste,Inverno,2200172
2010,7,Centro-Oeste,Inverno,2165862
2010,8,Centro-Oeste,Inverno,2239532
2010,9,Centro-Oeste,Primavera,2314269
2010,10,Centro-Oeste,Primavera,2293579
2010,11,Centro-Oeste,Primavera,2211426
2010,12,Centro-Oeste,Verão,2194639
2011,1,Centro-Oeste,Verão,2136562
2011,2,Centro-Oeste,Verão,2156320
2011,3,Centro-Oeste,Outono,2261131
2011,4,Centro-Oeste,Outono,2310837
2011,5,Centro-Oeste,Outono,2346819
2011,6,Centro-Oeste,Inverno,2278222
2011,7,Centro-Oeste,Inverno,2315716
2011,8,Centro-Oeste,Inverno,2409253
2011,9,Centro-Oeste,Primavera,2565228
2011,10,Centro-Oeste,Primavera,2547610
2011,11,Centro-Oeste,Primavera,2437006
2011,12,Centro-Oeste,Verão,2439818
2012,1,Centro-Oeste,Verão,2369739
2012,2,Centro-Oeste,Verão,2415613
2012,3,Centro-Oeste,Outono,2518741
2012,4,Centro-Oeste,Outono,2531744
2012,5,Centro-Oeste,Outono,2557371
2012,6,Centro-Oeste,Inverno,2487634
2012,7,Centro-Oeste,Inverno,2456596
2012,8,Centro-Oeste,Inverno,2580906
2012,9,Centro-Oeste,Primavera,2673190
2012,10,Centro-Oeste,Primavera,2772742
2012,11,Centro-Oeste,Primavera,2708942
2012,12,Centro-Oeste,Verão,2644510
2013,1,Centro-Oeste,Verão,2607640
2013,2,Centro-Oeste,Verão,2558733
2013,3,Centro-Oeste,Outono,2616885
2013,4,Centro-Oeste,Outono,2670436
2013,5,Centro-Oeste,Outono,2704978
2013,6,Centro-Oeste,Inverno,2642614
2013,7,Centro-Oeste,Inverno,2724843
2013,8,Centro-Oeste,Inverno,2837813
2013,9,Centro-Oeste,Primavera,2816521
2013,10,Centro-Oeste,Primavera,2855429
2013,11,Centro-Oeste,Primavera,2903484
2013,12,Centro-Oeste,Verão,2816073
2014,1,Centro-Oeste,Verão,2754932
2014,2,Centro-Oeste,Verão,2773008
2014,3,Centro-Oeste,Outono,2776649
2014,4,Centro-Oeste,Outono,2805860
2014,5,Centro-Oeste,Outono,2846629
2014,6,Centro-Oeste,Inverno,2784576
2014,7,Centro-Oeste,Inverno,2738946
2014,8,Centro-Oeste,Inverno,2928942
2014,9,Centro-Oeste,Primavera,3020267
2014,10,Centro-Oeste,Primavera,3117414
2014,11,Centro-Oeste,Primavera,3035907
2014,12,Centro-Oeste,Verão,2797799
2015,1,Centro-Oeste,Verão,2857850.79
2015,2,Centro-Oeste,Verão,2929435.38
2015,3,Centro-Oeste,Outono,2778974.95
2015,4,Centro-Oeste,Outono,2827349.84
2015,5,Centro-Oeste,Outono,2850132.46
2015,6,Centro-Oeste,Inverno,2814435.73
2015,7,Centro-Oeste,Inverno,2787852.37
2015,8,Centro-Oeste,Inverno,2899287.64
2015,9,Centro-Oeste,Primavera,3078325.55
2015,10,Centro-Oeste,Primavera,3216173.05
2015,11,Centro-Oeste,Primavera,3138513.88
2015,12,Centro-Oeste,Verão,2950528.89
2016,1,Centro-Oeste,Verão,2839218.99
2016,2,Centro-Oeste,Verão,2838663.5
2016,3,Centro-Oeste,Outono,2917646.53
2016,4,Centro-Oeste,Outono,3086878.68
2016,5,Centro-Oeste,Outono,2902093.71
2016,6,Centro-Oeste,Inverno,2839813.79
2016,7,Centro-Oeste,Inverno,2836280.84
2016,8,Centro-Oeste,Inverno,2920955.49
2016,9,Centro-Oeste,Primavera,2974996.5
2016,10,Centro-Oeste,Primavera,2970061.13
2016,11,Centro-Oeste,Primavera,2930232.74
2016,12,Centro-Oeste,Verão,2806629.17
2017,1,Centro-Oeste,Verão,2901249.73
2017,2,Centro-Oeste,Verão,2837672.01
2017,3,Centro-Oeste,Outono,2943265.41
2017,4,Centro-Oeste,Outono,2994614.65
2017,5,Centro-Oeste,Outono,2971340.08
2017,6,Centro-Oeste,Inverno,2966072.71
2017,7,Centro-Oeste,Inverno,2872706.35
2017,8,Centro-Oeste,Inverno,2939047.86
2017,9,Centro-Oeste,Primavera,3181236.23
2017,10,Centro-Oeste,Primavera,3097398.13
2017,11,Centro-Oeste,Primavera,3107470.43
2017,12,Centro-Oeste,Verão,2909220.07
2018,1,Centro-Oeste,Verão,2921618.02
2018,2,Centro-Oeste,Verão,2905101.7300000004
2018,3,Centro-Oeste,Outono,3031725.84
2018,4,Centro-Oeste,Outono,3089967.35
2018,5,Centro-Oeste,Outono,3013784.3099999996
2018,6,Centro-Oeste,Inverno,2942774.75
2018,7,Centro-Oeste,Inverno,3006576.02
2018,8,Centro-Oeste,Inverno,3152208.71
2018,9,Centro-Oeste,Primavera,3158158.02
2018,10,Centro-Oeste,Primavera,3314445.3
2018,11,Centro-Oeste,Primavera,3171851.3910000003
2018,12,Centro-Oeste,Verão,3142225.25
2019,1,Centro-Oeste,Verão,3151911.05
2019,2,Centro-Oeste,Verão,3206029.1799999997
2019,3,Centro-Oeste,Outono,3104064.77
2019,4,Centro-Oeste,Outono,3083638.7199999997
2019,5,Centro-Oeste,Outono,3174961.88
2019,6,Centro-Oeste,Inverno,3057548.5799999996
2019,7,Centro-Oeste,Inverno,3072498.55
2019,8,Centro-Oeste,Inverno,3144927.6100000003
2019,9,Centro-Oeste,Primavera,3366801.51
2019,10,Centro-Oeste,Primavera,3446465.3899999997
2019,11,Centro-Oeste,Primavera,3399533.24
2019,12,Centro-Oeste,Verão,3210247.7
2020,1,Centro-Oeste,Verão,3174327.08
2020,2,Centro-Oeste,Verão,3205252.4399999995
2020,3,Centro-Oeste,Outono,3221898.73
2020,4,Centro-Oeste,Outono,3125511.42
2020,5,Centro-Oeste,Outono,3060527.2
2020,6,Centro-Oeste,Inverno,2943299.2500000005
2020,7,Centro-Oeste,Inverno,3080716.8500000006
2020,8,Centro-Oeste,Inverno,3250420.44
2020,9,Centro-Oeste,Primavera,3395254.0299999993
2020,10,Centro-Oeste,Primavera,3654538.481
2020,11,Centro-Oeste,Primavera,3418960.0300000003
2020,12,Centro-Oeste,Verão,3413596.9899999998
2021,1,Centro-Oeste,Verão,3185331.42
2021,2,Centro-Oeste,Verão,3172279.9600000004
2021,3,Centro-Oeste,Outono,3278122.1599999997
2021,4,Centro-Oeste,Outono,3288285.26
2021,5,Centro-Oeste,Outono,3223642.53
2021,6,Centro-Oeste,Inverno,3308328.1100000003
2021,7,Centro-Oeste,Inverno,3161534.7
2021,8,Centro-Oeste,Inverno,3239987.7099999995
2021,9,Centro-Oeste,Primavera,3576234.2999999993
2021,10,Centro-Oeste,Primavera,3611676.33
2021,11,Centro-Oeste,Primavera,3375321.8500000006
2021,12,Centro-Oeste,Verão,3421798.9800000004
2022,1,Centro-Oeste,Verão,3254143.6700000004
2022,2,Centro-Oeste,Verão,3201551.9499999997
2022,3,Centro-Oeste,Outono,3372490.08
2022,4,Centro-Oeste,Outono,3407133.33
2022,5,Centro-Oeste,Outono,3354987.18
2022,6,Centro-Oeste,Inverno,3277801.34
2022,7,Centro-Oeste,Inverno,3294887.42
2022,8,Centro-Oeste,Inverno,3400607.94
2022,9,Centro-Oeste,Primavera,3527730.3400000003
2022,10,Centro-Oeste,Primavera,3538893.88
2022,11,Centro-Oeste,Primavera,3472783.31
2022,12,Centro-Oeste,Verão,3453735.75
2023,1,Centro-Oeste,Verão,3240419.28
2023,2,Centro-Oeste,Verão,3236577.0100000002
2023,3,Centro-Oeste,Outono,3435176.440000001
2023,4,Centro-Oeste,Outono,3510642.349999999
2023,5,Centro-Oeste,Outono,3377696.0100000002
2023,6,Centro-Oeste,Inverno,3367782.9799999995
2023,7,Centro-Oeste,Inverno,3270953.73
2023,8,Centro-Oeste,Inverno,3547300.7700000005
2023,9,Centro-Oeste,Primavera,3731095.59
2023,10,Centro-Oeste,Primavera,3954613.7100000004
2023,11,Centro-Oeste,Primavera,4034654.7800000003
2023,12,Centro-Oeste,Verão,3968295.23
2024,1,Centro-Oeste,Verão,3699741.11
2024,2,Centro-Oeste,Verão,3628237.340999999
2024,3,Centro-Oeste,Outono,3774360.34
2024,4,Centro-Oeste,Outono,3764427.380000001
2004,1,Nordeste,Verão,4457112.38
2004,2,Nordeste,Verão,4139767.9999999995
2004,3,Nordeste,Outono,4372743.11
2004,4,Nordeste,Outono,4461999.48
2004,5,Nordeste,Outono,4423584.5200000005
2004,6,Nordeste,Inverno,4409301.739999999
2004,7,Nordeste,Inverno,4376174.119999999
2004,8,Nordeste,Inverno,4438514.59
2004,9,Nordeste,Primavera,4570030.34
2004,10,Nordeste,Primavera,4657880.989999999
2004,11,Nordeste,Primavera,4708464.83
2004,12,Nordeste,Verão,4770509.72
2005,1,Nordeste,Verão,4775175.930000001
2005,2,Nordeste,Verão,4526038.109999999
2005,3,Nordeste,Outono,4692201.49
2005,4,Nordeste,Outono,4675415.4799999995
2005,5,Nordeste,Outono,4738600.68
2005,6,Nordeste,Inverno,4575214.83
2005,7,Nordeste,Inverno,4643778.48
2005,8,Nordeste,Inverno,4739650.5600000005
2005,9,Nordeste,Primavera,4763780.850000001
2005,10,Nordeste,Primavera,4849539.18
2005,11,Nordeste,Primavera,4919391.14
2005,12,Nordeste,Verão,5005463.899999999
2006,1,Nordeste,Verão,4913181.87
2006,2,Nordeste,Verão,4704041.08
2006,3,Nordeste,Outono,4976021.879999999
2006,4,Nordeste,Outono,4856338.37
2006,5,Nordeste,Outono,4793831.55
2006,6,Nordeste,Inverno,4769522.06
2006,7,Nordeste,Inverno,4760160.14
2006,8,Nordeste,Inverno,4939399.63
2006,9,Nordeste,Primavera,4950953.07
2006,10,Nordeste,Primavera,5141500.93
2006,11,Nordeste,Primavera,5132731.459999999
2006,12,Nordeste,Verão,5122709.51
2007,1,Nordeste,Verão,5184828
2007,2,Nordeste,Verão,4883152
2007,3,Nordeste,Outono,4985447
2007,4,Nordeste,Outono,5117947
2007,5,Nordeste,Outono,5132742
2007,6,Nordeste,Inverno,5079581
2007,7,Nordeste,Inverno,5131886
2007,8,Nordeste,Inverno,5212952
2007,9,Nordeste,Primavera,5148024
2007,10,Nordeste,Primavera,5440994
2007,11,Nordeste,Primavera,5502715
2007,12,Nordeste,Verão,5546780
2008,1,Nordeste,Verão,5505389.27
2008,2,Nordeste,Verão,5284769.65
2008,3,Nordeste,Outono,5365905.86
2008,4,Nordeste,Outono,5266621.29
2008,5,Nordeste,Outono,5436907.39
2008,6,Nordeste,Inverno,5241034.79
2008,7,Nordeste,Inverno,5334190.03
2008,8,Nordeste,Inverno,5400230.63
2008,9,Nordeste,Primavera,5461713.6899999995
2008,10,Nordeste,Primavera,5685044.38
2008,11,Nordeste,Primavera,5585548.51
2008,12,Nordeste,Verão,5535839.49
2009,1,Nordeste,Verão,5340331
2009,2,Nordeste,Verão,5098685
2009,3,Nordeste,Outono,5391003
2009,4,Nordeste,Outono,5307847
2009,5,Nordeste,Outono,5189806
2009,6,Nordeste,Inverno,5122496
2009,7,Nordeste,Inverno,5257360
2009,8,Nordeste,Inverno,5501276
2009,9,Nordeste,Primavera,5581245
2009,10,Nordeste,Primavera,5779775
2009,11,Nordeste,Primavera,5705872
2009,12,Nordeste,Verão,5968068
2010,1,Nordeste,Verão,5739946.35
2010,2,Nordeste,Verão,5589432
2010,3,Nordeste,Outono,6118961
2010,4,Nordeste,Outono,5884040
2010,5,Nordeste,Outono,5959632
2010,6,Nordeste,Inverno,5905720
2010,7,Nordeste,Inverno,5844282
2010,8,Nordeste,Inverno,5833193
2010,9,Nordeste,Primavera,5896294
2010,10,Nordeste,Primavera,6123244
2010,11,Nordeste,Primavera,6136436
2010,12,Nordeste,Verão,6165765
2011,1,Nordeste,Verão,5988600
2011,2,Nordeste,Verão,5502639
2011,3,Nordeste,Outono,6026836
2011,4,Nordeste,Outono,5966554
2011,5,Nordeste,Outono,5899310
2011,6,Nordeste,Inverno,5809043
2011,7,Nordeste,Inverno,5936622
2011,8,Nordeste,Inverno,6092998
2011,9,Nordeste,Primavera,6093026
2011,10,Nordeste,Primavera,6216199
2011,11,Nordeste,Primavera,6137780
2011,12,Nordeste,Verão,6244198
2012,1,Nordeste,Verão,6297828
2012,2,Nordeste,Verão,6010436
2012,3,Nordeste,Outono,6407753
2012,4,Nordeste,Outono,6271553
2012,5,Nordeste,Outono,6436375
2012,6,Nordeste,Inverno,6135291
2012,7,Nordeste,Inverno,6111808
2012,8,Nordeste,Inverno,6323564
2012,9,Nordeste,Primavera,6288243
2012,10,Nordeste,Primavera,6427697
2012,11,Nordeste,Primavera,6421108
2012,12,Nordeste,Verão,6478746
2013,1,Nordeste,Verão,6659728
2013,2,Nordeste,Verão,6452494
2013,3,Nordeste,Outono,6705944
2013,4,Nordeste,Outono,6852552
2013,5,Nordeste,Outono,6660227
2013,6,Nordeste,Inverno,6384530
2013,7,Nordeste,Inverno,6534919
2013,8,Nordeste,Inverno,6580762
2013,9,Nordeste,Primavera,6536720
2013,10,Nordeste,Primavera,6832552
2013,11,Nordeste,Primavera,6759701
2013,12,Nordeste,Verão,6733760
2014,1,Nordeste,Verão,6886428
2014,2,Nordeste,Verão,6620899
2014,3,Nordeste,Outono,6857552
2014,4,Nordeste,Outono,6683649
2014,5,Nordeste,Outono,6683419
2014,6,Nordeste,Inverno,6378157.88
2014,7,Nordeste,Inverno,6554674
2014,8,Nordeste,Inverno,6652720
2014,9,Nordeste,Primavera,6721395
2014,10,Nordeste,Primavera,6929490.59
2014,11,Nordeste,Primavera,6919617.39
2014,12,Nordeste,Verão,6859202.03
2015,1,Nordeste,Verão,6908173.279999999
2015,2,Nordeste,Verão,6693234.81
2015,3,Nordeste,Outono,6848289.03
2015,4,Nordeste,Outono,6677082.84
2015,5,Nordeste,Outono,6660375.949999999
2015,6,Nordeste,Inverno,6441764.46
2015,7,Nordeste,Inverno,6218709.45
2015,8,Nordeste,Inverno,6337057.3100000005
2015,9,Nordeste,Primavera,6388474.6899999995
2015,10,Nordeste,Primavera,6640647.739999999
2015,11,Nordeste,Primavera,6660436.850000001
2015,12,Nordeste,Verão,6799124.31
2016,1,Nordeste,Verão,6542214.100000001
2016,2,Nordeste,Verão,6284269.91
2016,3,Nordeste,Outono,6799183.5
2016,4,Nordeste,Outono,6615689.72
2016,5,Nordeste,Outono,6725406.93
2016,6,Nordeste,Inverno,6602855.78
2016,7,Nordeste,Inverno,6469705.8
2016,8,Nordeste,Inverno,6524029.2
2016,9,Nordeste,Primavera,6629965.93
2016,10,Nordeste,Primavera,6687638.0200000005
2016,11,Nordeste,Primavera,6824573.899999999
2016,12,Nordeste,Verão,6866218.529999999
2017,1,Nordeste,Verão,6697103.29
2017,2,Nordeste,Verão,6348751.7700000005
2017,3,Nordeste,Outono,6796094.529999999
2017,4,Nordeste,Outono,6567471.6
2017,5,Nordeste,Outono,6677706.97
2017,6,Nordeste,Inverno,6597184.91
2017,7,Nordeste,Inverno,6385162.18
2017,8,Nordeste,Inverno,6507476.600000001
2017,9,Nordeste,Primavera,6516904.8100000005
2017,10,Nordeste,Primavera,6876942.4799999995
2017,11,Nordeste,Primavera,6911593.180000001
2017,12,Nordeste,Verão,6909062.04
2018,1,Nordeste,Verão,6718801.139999999
2018,2,Nordeste,Verão,6357334.14
2018,3,Nordeste,Outono,6587721.199999999
2018,4,Nordeste,Outono,6668104.29
2018,5,Nordeste,Outono,6660480.090000001
2018,6,Nordeste,Inverno,6603192.869999999
2018,7,Nordeste,Inverno,6527352.22
2018,8,Nordeste,Inverno,6694635.720000001
2018,9,Nordeste,Primavera,6643931.26
2018,10,Nordeste,Primavera,7060110.7299999995
2018,11,Nordeste,Primavera,7190633.200000001
2018,12,Nordeste,Verão,7007459.289999999
2019,1,Nordeste,Verão,6973292.250000001
2019,2,Nordeste,Verão,6827893.670000001
2019,3,Nordeste,Outono,7056848.88
2019,4,Nordeste,Outono,6780238.95
2019,5,Nordeste,Outono,7061639.58
2019,6,Nordeste,Inverno,6631774.709999998
2019,7,Nordeste,Inverno,6679904.930000001
2019,8,Nordeste,Inverno,6552950.599
2019,9,Nordeste,Primavera,6640922.869999999
2019,10,Nordeste,Primavera,7145735.429999999
2019,11,Nordeste,Primavera,7310777.679999999
2019,12,Nordeste,Verão,7544853.460000002
2020,1,Nordeste,Verão,7130559.42
2020,2,Nordeste,Verão,6813766.969999999
2020,3,Nordeste,Outono,6937722.5
2020,4,Nordeste,Outono,6370728.71
2020,5,Nordeste,Outono,6362263.010000001
2020,6,Nordeste,Inverno,6240148.050000001
2020,7,Nordeste,Inverno,6535254.399999999
2020,8,Nordeste,Inverno,6529785.690000002
2020,9,Nordeste,Primavera,6830849.029
2020,10,Nordeste,Primavera,7372795.72
2020,11,Nordeste,Primavera,7017888.79
2020,12,Nordeste,Verão,7113710.300000001
2021,1,Nordeste,Verão,7419802.7
2021,2,Nordeste,Verão,7043660.910000001
2021,3,Nordeste,Outono,7244997.409999999
2021,4,Nordeste,Outono,7205497.630000001
2021,5,Nordeste,Outono,6974430.130000002
2021,6,Nordeste,Inverno,6994341.5600000005
2021,7,Nordeste,Inverno,6994258.229999998
2021,8,Nordeste,Inverno,7110501.540000001
2021,9,Nordeste,Primavera,7190595.92
2021,10,Nordeste,Primavera,7540206.289999999
2021,11,Nordeste,Primavera,7484406.33
2021,12,Nordeste,Verão,7714747.950000001
2022,1,Nordeste,Verão,7269935.419999999
2022,2,Nordeste,Verão,6998206.28
2022,3,Nordeste,Outono,7459576.670000001
2022,4,Nordeste,Outono,7240387.709999999
2022,5,Nordeste,Outono,7269431.8500000015
2022,6,Nordeste,Inverno,7021727.61
2022,7,Nordeste,Inverno,7104760.800000002
2022,8,Nordeste,Inverno,7278921.1
2022,9,Nordeste,Primavera,7422699.759999998
2022,10,Nordeste,Primavera,7644764.739999999
2022,11,Nordeste,Primavera,7770458.349999999
2022,12,Nordeste,Verão,7692127.15
2023,1,Nordeste,Verão,7665183.47
2023,2,Nordeste,Verão,7494725.11
2023,3,Nordeste,Outono,7914538.819999999
2023,4,Nordeste,Outono,7809121.700000001
2023,5,Nordeste,Outono,7940968.289
2023,6,Nordeste,Inverno,7727777.839999998
2023,7,Nordeste,Inverno,7463808.490000002
2023,8,Nordeste,Inverno,7737155.04
2023,9,Nordeste,Primavera,8056889.150000001
2023,10,Nordeste,Primavera,8202189.740000001
2023,11,Nordeste,Primavera,8478291.370000001
2023,12,Nordeste,Verão,8484311.56
2024,1,Nordeste,Verão,8401502.120000001
2024,2,Nordeste,Verão,8159710.76
2024,3,Nordeste,Outono,8208486.8100000005
2024,4,Nordeste,Outono,8354166.96
2004,1,Norte,Verão,1574434.3399999999
2004,2,Norte,Verão,1507448.5899999999
2004,3,Norte,Outono,1574176.6900000002
2004,4,Norte,Outono,1598862.11
2004,5,Norte,Outono,1625478.9200000002
2004,6,Norte,Inverno,1641381.91
2004,7,Norte,Inverno,1665002.57
2004,8,Norte,Inverno,1729895.8900000001
2004,9,Norte,Primavera,1687156.54
2004,10,Norte,Primavera,1724166.75
2004,11,Norte,Primavera,1719638.46
2004,12,Norte,Verão,1740620.86
2005,1,Norte,Verão,1687538.58
2005,2,Norte,Verão,1619124.37
2005,3,Norte,Outono,1669597.5300000003
2005,4,Norte,Outono,1651886.5100000002
2005,5,Norte,Outono,1689408.58
2005,6,Norte,Inverno,1692287.96
2005,7,Norte,Inverno,1718917.7799999998
2005,8,Norte,Inverno,1725457.3099999998
2005,9,Norte,Primavera,1752160.7999999998
2005,10,Norte,Primavera,1796178.4100000001
2005,11,Norte,Primavera,1787686.7399999998
2005,12,Norte,Verão,1774268.42
2006,1,Norte,Verão,1727931.86
2006,2,Norte,Verão,1646351.9
2006,3,Norte,Outono,1741059.95
2006,4,Norte,Outono,1733653.3900000001
2006,5,Norte,Outono,1753959.1899999997
2006,6,Norte,Inverno,1761920.0300000003
2006,7,Norte,Inverno,1812929.25
2006,8,Norte,Inverno,1851942.88
2006,9,Norte,Primavera,1886314.46
2006,10,Norte,Primavera,1899959.4099999997
2006,11,Norte,Primavera,1871573.6099999999
2006,12,Norte,Verão,1864369.94
2007,1,Norte,Verão,1833708
2007,2,Norte,Verão,1752986
2007,3,Norte,Outono,1820537
2007,4,Norte,Outono,1832867
2007,5,Norte,Outono,1889427
2007,6,Norte,Inverno,1899318
2007,7,Norte,Inverno,1912792
2007,8,Norte,Inverno,1950708
2007,9,Norte,Primavera,1964607
2007,10,Norte,Primavera,2006525
2007,11,Norte,Primavera,1995582
2007,12,Norte,Verão,1991017
2008,1,Norte,Verão,1890320
2008,2,Norte,Verão,1836296
2008,3,Norte,Outono,1900506
2008,4,Norte,Outono,1888899
2008,5,Norte,Outono,1933034
2008,6,Norte,Inverno,1980943
2008,7,Norte,Inverno,1998546
2008,8,Norte,Inverno,2066807
2008,9,Norte,Primavera,2112487
2008,10,Norte,Primavera,2151182
2008,11,Norte,Primavera,2081744
2008,12,Norte,Verão,2032318
2009,1,Norte,Verão,1981913
2009,2,Norte,Verão,1804162
2009,3,Norte,Outono,1882490
2009,4,Norte,Outono,1919027
2009,5,Norte,Outono,1923559
2009,6,Norte,Inverno,1993823
2009,7,Norte,Inverno,2023693
2009,8,Norte,Inverno,2074891
2009,9,Norte,Primavera,2089534
2009,10,Norte,Primavera,2135822
2009,11,Norte,Primavera,2132369
2009,12,Norte,Verão,2121716
2010,1,Norte,Verão,2065344.75
2010,2,Norte,Verão,1976809.75
2010,3,Norte,Outono,2107322.82
2010,4,Norte,Outono,2146015.49
2010,5,Norte,Outono,2175440
2010,6,Norte,Inverno,2198244
2010,7,Norte,Inverno,2195788
2010,8,Norte,Inverno,2228538.23
2010,9,Norte,Primavera,2279911.51
2010,10,Norte,Primavera,2325697.5300000003
2010,11,Norte,Primavera,2262056.57
2010,12,Norte,Verão,2260545.71
2011,1,Norte,Verão,2215755.26
2011,2,Norte,Verão,2063281.6600000001
2011,3,Norte,Outono,2235928.05
2011,4,Norte,Outono,2218663.05
2011,5,Norte,Outono,2262894.39
2011,6,Norte,Inverno,2323603.7199999997
2011,7,Norte,Inverno,2351515.62
2011,8,Norte,Inverno,2406842.84
2011,9,Norte,Primavera,2419447.34
2011,10,Norte,Primavera,2476119.38
2011,11,Norte,Primavera,2369153.77
2011,12,Norte,Verão,2415931.7800000003
2012,1,Norte,Verão,2368905.09
2012,2,Norte,Verão,2321771.54
2012,3,Norte,Outono,2439658.4299999997
2012,4,Norte,Outono,2361904.7800000003
2012,5,Norte,Outono,2430160.15
2012,6,Norte,Inverno,2382273.83
2012,7,Norte,Inverno,2397647.91
2012,8,Norte,Inverno,2490520.71
2012,9,Norte,Primavera,2455692.17
2012,10,Norte,Primavera,2505782.4
2012,11,Norte,Primavera,2484061.67
2012,12,Norte,Verão,2410373.0300000003
2013,1,Norte,Verão,2392452.74
2013,2,Norte,Verão,2266205.7199999997
2013,3,Norte,Outono,2378191.55
2013,4,Norte,Outono,2461104.4299999997
2013,5,Norte,Outono,2454163.5700000003
2013,6,Norte,Inverno,2449533.01
2013,7,Norte,Inverno,2562520.0300000003
2013,8,Norte,Inverno,2559396.26
2013,9,Norte,Primavera,2571187.16
2013,10,Norte,Primavera,2720586.38
2013,11,Norte,Primavera,2641605.54
2013,12,Norte,Verão,2738735.24
2014,1,Norte,Verão,2600972
2014,2,Norte,Verão,2476973
2014,3,Norte,Outono,2612667
2014,4,Norte,Outono,2601327
2014,5,Norte,Outono,2707327
2014,6,Norte,Inverno,2643397
2014,7,Norte,Inverno,2720799
2014,8,Norte,Inverno,2759032
2014,9,Norte,Primavera,2836892
2014,10,Norte,Primavera,2825876
2014,11,Norte,Primavera,2762256
2014,12,Norte,Verão,2816133
2015,1,Norte,Verão,2720657.89
2015,2,Norte,Verão,2565453
2015,3,Norte,Outono,2709350
2015,4,Norte,Outono,2646878
2015,5,Norte,Outono,2718412
2015,6,Norte,Inverno,2693038
2015,7,Norte,Inverno,2833640
2015,8,Norte,Inverno,2891977.49
2015,9,Norte,Primavera,2964444
2015,10,Norte,Primavera,3050012
2015,11,Norte,Primavera,2958108
2015,12,Norte,Verão,2962634
2016,1,Norte,Verão,2734717
2016,2,Norte,Verão,2708798.6
2016,3,Norte,Outono,2863718
2016,4,Norte,Outono,2727271
2016,5,Norte,Outono,2862447
2016,6,Norte,Inverno,2818826
2016,7,Norte,Inverno,2900857
2016,8,Norte,Inverno,2932615
2016,9,Norte,Primavera,2919161
2016,10,Norte,Primavera,2946530
2016,11,Norte,Primavera,2952602
2016,12,Norte,Verão,2896559
2017,1,Norte,Verão,2766063
2017,2,Norte,Verão,2556160
2017,3,Norte,Outono,2795464
2017,4,Norte,Outono,2721049
2017,5,Norte,Outono,2934453
2017,6,Norte,Inverno,2891844
2017,7,Norte,Inverno,2882108
2017,8,Norte,Inverno,3041036
2017,9,Norte,Primavera,2983201
2017,10,Norte,Primavera,3056787
2017,11,Norte,Primavera,2965901
2017,12,Norte,Verão,2915303
2018,1,Norte,Verão,2812897.8600000003
2018,2,Norte,Verão,2650538.7600000002
2018,3,Norte,Outono,2868573.59
2018,4,Norte,Outono,2679313.77
2018,5,Norte,Outono,2666894.6700000004
2018,6,Norte,Inverno,2582786.8200000003
2018,7,Norte,Inverno,2658452.06
2018,8,Norte,Inverno,2688993.8099999996
2018,9,Norte,Primavera,2689092.8200000003
2018,10,Norte,Primavera,2829919.4099999997
2018,11,Norte,Primavera,2723638.17
2018,12,Norte,Verão,2585260.22
2019,1,Norte,Verão,2563184.13
2019,2,Norte,Verão,2421378.87
2019,3,Norte,Outono,2600590.65
2019,4,Norte,Outono,2568934.2800000003
2019,5,Norte,Outono,2688743.06
2019,6,Norte,Inverno,2720526.67
2019,7,Norte,Inverno,2820493.4800000004
2019,8,Norte,Inverno,2881215.73
2019,9,Norte,Primavera,2938025.7600000002
2019,10,Norte,Primavera,2965330.92
2019,11,Norte,Primavera,2925431.8
2019,12,Norte,Verão,2994752.71
2020,1,Norte,Verão,2894525.5599999996
2020,2,Norte,Verão,2836046.67
2020,3,Norte,Outono,2815284.1799999997
2020,4,Norte,Outono,2629850.4
2020,5,Norte,Outono,2656714.05
2020,6,Norte,Inverno,2708916.2800000003
2020,7,Norte,Inverno,2898335.31
2020,8,Norte,Inverno,3035360.7499999995
2020,9,Norte,Primavera,3085359.71
2020,10,Norte,Primavera,3160122.36
2020,11,Norte,Primavera,3007704.05
2020,12,Norte,Verão,2991751.6900000004
2021,1,Norte,Verão,2873240.7700000005
2021,2,Norte,Verão,2756767.0200000005
2021,3,Norte,Outono,2891450.83
2021,4,Norte,Outono,2986817.7800000003
2021,5,Norte,Outono,3053068.8200000003
2021,6,Norte,Inverno,3043949.37
2021,7,Norte,Inverno,3034193.1399999997
2021,8,Norte,Inverno,3144877.9499999997
2021,9,Norte,Primavera,3172367.9699999997
2021,10,Norte,Primavera,3201778.23
2021,11,Norte,Primavera,3161072.7900000005
2021,12,Norte,Verão,3159175.4000000004
2022,1,Norte,Verão,3033707.57
2022,2,Norte,Verão,2774942.82
2022,3,Norte,Outono,3003595.52
2022,4,Norte,Outono,2935305.7800000003
2022,5,Norte,Outono,3100010.501
2022,6,Norte,Inverno,3120577.6099999994
2022,7,Norte,Inverno,3254761.24
2022,8,Norte,Inverno,3419567.14
2022,9,Norte,Primavera,3380310.2399999998
2022,10,Norte,Primavera,3421209.949
2022,11,Norte,Primavera,3344483.65
2022,12,Norte,Verão,3309421.01
2023,1,Norte,Verão,3179448.75
2023,2,Norte,Verão,2962051
2023,3,Norte,Outono,3327716.43
2023,4,Norte,Outono,3213742.59
2023,5,Norte,Outono,3393481.43
2023,6,Norte,Inverno,3375363.1399999997
2023,7,Norte,Inverno,3426421.4
2023,8,Norte,Inverno,3601716.97
2023,9,Norte,Primavera,3689266.9299999997
2023,10,Norte,Primavera,3713736.709
2023,11,Norte,Primavera,3628490.86
2023,12,Norte,Verão,3554574.22
2024,1,Norte,Verão,3469530.5599999996
2024,2,Norte,Verão,3313458.3299999996
2024,3,Norte,Outono,3466495.4699999997
2024,4,Norte,Outono,3455924.38
2004,1,Sudeste,Verão,14929524.399999999
2004,2,Sudeste,Verão,14714713.51
2004,3,Sudeste,Outono,14903795.679999998
2004,4,Sudeste,Outono,15501322.96
2004,5,Sudeste,Outono,14906628.719999999
2004,6,Sudeste,Inverno,14898517.41
2004,7,Sudeste,Inverno,15094285.46
2004,8,Sudeste,Inverno,15189574.869999997
2004,9,Sudeste,Primavera,15593685.74
2004,10,Sudeste,Primavera,15839877.16
2004,11,Sudeste,Primavera,15804794.180000002
2004,12,Sudeste,Verão,15750647.949999997
2005,1,Sudeste,Verão,15518488.33
2005,2,Sudeste,Verão,15157054.859999998
2005,3,Sudeste,Outono,15516647.869999997
2005,4,Sudeste,Outono,16304407.599999998
2005,5,Sudeste,Outono,15581963.429999998
2005,6,Sudeste,Inverno,15633866.989999998
2005,7,Sudeste,Inverno,15509118.440000001
2005,8,Sudeste,Inverno,15838516.629999995
2005,9,Sudeste,Primavera,16391988.83
2005,10,Sudeste,Primavera,16074848.55
2005,11,Sudeste,Primavera,16089442.920000002
2005,12,Sudeste,Verão,16116894.270000001
2006,1,Sudeste,Verão,15695620.21
2006,2,Sudeste,Verão,16178817.62
2006,3,Sudeste,Outono,16273216.75
2006,4,Sudeste,Outono,16494218.43
2006,5,Sudeste,Outono,15885834.52
2006,6,Sudeste,Inverno,15969883.010000002
2006,7,Sudeste,Inverno,15981706.52
2006,8,Sudeste,Inverno,16352069.779999997
2006,9,Sudeste,Primavera,16434266.179999998
2006,10,Sudeste,Primavera,16453397.740000002
2006,11,Sudeste,Primavera,16722623.48
2006,12,Sudeste,Verão,16689648.170000004
2007,1,Sudeste,Verão,16699870
2007,2,Sudeste,Verão,16615359
2007,3,Sudeste,Outono,17288542
2007,4,Sudeste,Outono,17761372
2007,5,Sudeste,Outono,17290528
2007,6,Sudeste,Inverno,16890489
2007,7,Sudeste,Inverno,16589542
2007,8,Sudeste,Inverno,16970732
2007,9,Sudeste,Primavera,17585510
2007,10,Sudeste,Primavera,17488650
2007,11,Sudeste,Primavera,17983265
2007,12,Sudeste,Verão,17621312
2008,1,Sudeste,Verão,17157633
2008,2,Sudeste,Verão,17088727
2008,3,Sudeste,Outono,17293931
2008,4,Sudeste,Outono,17284914
2008,5,Sudeste,Outono,17577262
2008,6,Sudeste,Inverno,17180445
2008,7,Sudeste,Inverno,17451996
2008,8,Sudeste,Inverno,17983892
2008,9,Sudeste,Primavera,17869017
2008,10,Sudeste,Primavera,18231987
2008,11,Sudeste,Primavera,18164111
2008,12,Sudeste,Verão,16659849
2009,1,Sudeste,Verão,16124348
2009,2,Sudeste,Verão,16190533
2009,3,Sudeste,Outono,16931565
2009,4,Sudeste,Outono,17027530
2009,5,Sudeste,Outono,16500151
2009,6,Sudeste,Inverno,16330119
2009,7,Sudeste,Inverno,16655879
2009,8,Sudeste,Inverno,17158443
2009,9,Sudeste,Primavera,17516988.1
2009,10,Sudeste,Primavera,17858520
2009,11,Sudeste,Primavera,18058927.4
2009,12,Sudeste,Verão,18201962.2
2010,1,Sudeste,Verão,17684138.3
2010,2,Sudeste,Verão,18113423
2010,3,Sudeste,Outono,18521916
2010,4,Sudeste,Outono,18825122
2010,5,Sudeste,Outono,18240192
2010,6,Sudeste,Inverno,18212704
2010,7,Sudeste,Inverno,17936477
2010,8,Sudeste,Inverno,18656632
2010,9,Sudeste,Primavera,18980234
2010,10,Sudeste,Primavera,18818098
2010,11,Sudeste,Primavera,18709507
2010,12,Sudeste,Verão,19306259
2011,1,Sudeste,Verão,19247694
2011,2,Sudeste,Verão,19218269
2011,3,Sudeste,Outono,19390849
2011,4,Sudeste,Outono,19369031
2011,5,Sudeste,Outono,18908980
2011,6,Sudeste,Inverno,18737534
2011,7,Sudeste,Inverno,18731628
2011,8,Sudeste,Inverno,19249143
2011,9,Sudeste,Primavera,19753623
2011,10,Sudeste,Primavera,19385128
2011,11,Sudeste,Primavera,19378704
2011,12,Sudeste,Verão,19297800
2012,1,Sudeste,Verão,18915418
2012,2,Sudeste,Verão,19327465
2012,3,Sudeste,Outono,20243305
2012,4,Sudeste,Outono,20295686
2012,5,Sudeste,Outono,19244538
2012,6,Sudeste,Inverno,19343073
2012,7,Sudeste,Inverno,18762191
2012,8,Sudeste,Inverno,19393131
2012,9,Sudeste,Primavera,19904342
2012,10,Sudeste,Primavera,19837975
2012,11,Sudeste,Primavera,20485581
2012,12,Sudeste,Verão,19506176
2013,1,Sudeste,Verão,20089886
2013,2,Sudeste,Verão,19775484
2013,3,Sudeste,Outono,19907218
2013,4,Sudeste,Outono,20097448
2013,5,Sudeste,Outono,19911821
2013,6,Sudeste,Inverno,19652655
2013,7,Sudeste,Inverno,19331509
2013,8,Sudeste,Inverno,19838087
2013,9,Sudeste,Primavera,20027335
2013,10,Sudeste,Primavera,20325563
2013,11,Sudeste,Primavera,20765973
2013,12,Sudeste,Verão,20381824
2014,1,Sudeste,Verão,20704340
2014,2,Sudeste,Verão,21763013
2014,3,Sudeste,Outono,20786600
2014,4,Sudeste,Outono,20451935
2014,5,Sudeste,Outono,20068194
2014,6,Sudeste,Inverno,19293127
2014,7,Sudeste,Inverno,19111350
2014,8,Sudeste,Inverno,19438306
2014,9,Sudeste,Primavera,19529007
2014,10,Sudeste,Primavera,20304956
2014,11,Sudeste,Primavera,20968110
2014,12,Sudeste,Verão,20098588
2015,1,Sudeste,Verão,20943263.25
2015,2,Sudeste,Verão,20869826.87
2015,3,Sudeste,Outono,20150053.41
2015,4,Sudeste,Outono,20215138.02
2015,5,Sudeste,Outono,19296451.63
2015,6,Sudeste,Inverno,18752590.64
2015,7,Sudeste,Inverno,18532921.47
2015,8,Sudeste,Inverno,19084994.17
2015,9,Sudeste,Primavera,18919408.01
2015,10,Sudeste,Primavera,19814545.94
2015,11,Sudeste,Primavera,19836832.099999998
2015,12,Sudeste,Verão,19359381.939999998
2016,1,Sudeste,Verão,19314000.68
2016,2,Sudeste,Verão,19495060.04
2016,3,Sudeste,Outono,19611353.62
2016,4,Sudeste,Outono,20520225.2
2016,5,Sudeste,Outono,19303127.16
2016,6,Sudeste,Inverno,18651588.86
2016,7,Sudeste,Inverno,18388987.38
2016,8,Sudeste,Inverno,18711601.76
2016,9,Sudeste,Primavera,19239375
2016,10,Sudeste,Primavera,19147567.9
2016,11,Sudeste,Primavera,19361478.46
2016,12,Sudeste,Verão,19268368.88
2017,1,Sudeste,Verão,19686157.259999998
2017,2,Sudeste,Verão,19583907.14
2017,3,Sudeste,Outono,20172690.959999997
2017,4,Sudeste,Outono,19877597.32
2017,5,Sudeste,Outono,18885259.02
2017,6,Sudeste,Inverno,18859514.270000003
2017,7,Sudeste,Inverno,18492331.66
2017,8,Sudeste,Inverno,18499902.09
2017,9,Sudeste,Primavera,19351380.89
2017,10,Sudeste,Primavera,19442583.31
2017,11,Sudeste,Primavera,19915401.05
2017,12,Sudeste,Verão,19748006.099999998
2018,1,Sudeste,Verão,20078364.460000005
2018,2,Sudeste,Verão,19689599.590000004
2018,3,Sudeste,Outono,20852952.930000003
2018,4,Sudeste,Outono,20732785.770000003
2018,5,Sudeste,Outono,19736423.810000006
2018,6,Sudeste,Inverno,19179160.04
2018,7,Sudeste,Inverno,19272778.68
2018,8,Sudeste,Inverno,19378187.369999997
2018,9,Sudeste,Primavera,19599718.169999998
2018,10,Sudeste,Primavera,20110168.82
2018,11,Sudeste,Primavera,20154428.67
2018,12,Sudeste,Verão,20021514.689999998
2019,1,Sudeste,Verão,20965937.5
2019,2,Sudeste,Verão,20584521.409999996
2019,3,Sudeste,Outono,20626329.709999993
2019,4,Sudeste,Outono,19827659.31
2019,5,Sudeste,Outono,20187002.549999997
2019,6,Sudeste,Inverno,18980779.55
2019,7,Sudeste,Inverno,18699587.519999996
2019,8,Sudeste,Inverno,18900144.569999997
2019,9,Sudeste,Primavera,19292022.249999996
2019,10,Sudeste,Primavera,20170884.3
2019,11,Sudeste,Primavera,20623038.89
2019,12,Sudeste,Verão,19593151.18
2020,1,Sudeste,Verão,20157502.180000003
2020,2,Sudeste,Verão,19994440.4
2020,3,Sudeste,Outono,20221091.040000003
2020,4,Sudeste,Outono,18064679.860000003
2020,5,Sudeste,Outono,17378115.140000004
2020,6,Sudeste,Inverno,17315901.33
2020,7,Sudeste,Inverno,18381116.009999998
2020,8,Sudeste,Inverno,19324707.43
2020,9,Sudeste,Primavera,19785077.390000004
2020,10,Sudeste,Primavera,21224406.630000003
2020,11,Sudeste,Primavera,20377363.41
2020,12,Sudeste,Verão,20807480.840000004
2021,1,Sudeste,Verão,21497694.92
2021,2,Sudeste,Verão,20562262.520000003
2021,3,Sudeste,Outono,21988991.290999994
2021,4,Sudeste,Outono,21061906.689999998
2021,5,Sudeste,Outono,19953594.76
2021,6,Sudeste,Inverno,19751840.64
2021,7,Sudeste,Inverno,19528232.239
2021,8,Sudeste,Inverno,19800843.510999996
2021,9,Sudeste,Primavera,20664259.57
2021,10,Sudeste,Primavera,20795883.880000003
2021,11,Sudeste,Primavera,20237020.560000002
2021,12,Sudeste,Verão,20723919.669999998
2022,1,Sudeste,Verão,20474247.440000005
2022,2,Sudeste,Verão,20326411.77
2022,3,Sudeste,Outono,22069843.080000006
2022,4,Sudeste,Outono,21718099.509999998
2022,5,Sudeste,Outono,20788847.08
2022,6,Sudeste,Inverno,19924574.97
2022,7,Sudeste,Inverno,19948620.89
2022,8,Sudeste,Inverno,20376354.57
2022,9,Sudeste,Primavera,20442843.669999998
2022,10,Sudeste,Primavera,20496294.56
2022,11,Sudeste,Primavera,20581355.78
2022,12,Sudeste,Verão,20763406.39
2023,1,Sudeste,Verão,20159474.99
2023,2,Sudeste,Verão,20762179.831000004
2023,3,Sudeste,Outono,22083389.151
2023,4,Sudeste,Outono,21706203.680000003
2023,5,Sudeste,Outono,20584052.929999996
2023,6,Sudeste,Inverno,20480714.120000005
2023,7,Sudeste,Inverno,20135946.169999998
2023,8,Sudeste,Inverno,20744961.099999994
2023,9,Sudeste,Primavera,21190186.369999997
2023,10,Sudeste,Primavera,22135334.860000003
2023,11,Sudeste,Primavera,22489273.85
2023,12,Sudeste,Verão,22841022.75
2024,1,Sudeste,Verão,22368249.72
2024,2,Sudeste,Verão,22055645.830000002
2024,3,Sudeste,Outono,23022452.700000007
2024,4,Sudeste,Outono,22685707.968999997
2004,1,Sul,Verão,4510113.04
2004,2,Sul,Verão,4690227.859999999
2004,3,Sul,Outono,4898770.4
2004,4,Sul,Outono,4873311.140000001
2004,5,Sul,Outono,4723026.16
2004,6,Sul,Inverno,4556563.56
2004,7,Sul,Inverno,4598792.890000001
2004,8,Sul,Inverno,4653182.4399999995
2004,9,Sul,Primavera,4654411.58
2004,10,Sul,Primavera,4590697.5
2004,11,Sul,Primavera,4529419.23
2004,12,Sul,Verão,4665214.36
2005,1,Sul,Verão,4809416.19
2005,2,Sul,Verão,4966585.859999999
2005,3,Sul,Outono,5069873.21
2005,4,Sul,Outono,4997008.14
2005,5,Sul,Outono,4799820.58
2005,6,Sul,Inverno,4760323.789999999
2005,7,Sul,Inverno,4724562.06
2005,8,Sul,Inverno,4743658.99
2005,9,Sul,Primavera,4654131.24
2005,10,Sul,Primavera,4668762.35
2005,11,Sul,Primavera,4748342.43
2005,12,Sul,Verão,4948742.880000002
2006,1,Sul,Verão,4927599.7700000005
2006,2,Sul,Verão,5187222.33
2006,3,Sul,Outono,5211509.389999999
2006,4,Sul,Outono,5062542.87
2006,5,Sul,Outono,4807141
2006,6,Sul,Inverno,4879785.7700000005
2006,7,Sul,Inverno,4847373.099999999
2006,8,Sul,Inverno,4957961.01
2006,9,Sul,Primavera,4841502.43
2006,10,Sul,Primavera,4852384.500000001
2006,11,Sul,Primavera,5043949.260000001
2006,12,Sul,Verão,5074875.269999999
2007,1,Sul,Verão,5203429
2007,2,Sul,Verão,5351937
2007,3,Sul,Outono,5424059
2007,4,Sul,Outono,5404659
2007,5,Sul,Outono,5219841
2007,6,Sul,Inverno,5114607
2007,7,Sul,Inverno,5056898
2007,8,Sul,Inverno,5194645
2007,9,Sul,Primavera,5157841
2007,10,Sul,Primavera,5240394
2007,11,Sul,Primavera,5294910
2007,12,Sul,Verão,5333163
2008,1,Sul,Verão,5491078
2008,2,Sul,Verão,5689547
2008,3,Sul,Outono,5723834
2008,4,Sul,Outono,5604344
2008,5,Sul,Outono,5382338
2008,6,Sul,Inverno,5368281
2008,7,Sul,Inverno,5419027
2008,8,Sul,Inverno,5520183
2008,9,Sul,Primavera,5412749
2008,10,Sul,Primavera,5481462
2008,11,Sul,Primavera,5441085
2008,12,Sul,Verão,5366031
2009,1,Sul,Verão,5279472
2009,2,Sul,Verão,5465140
2009,3,Sul,Outono,5742612
2009,4,Sul,Outono,5671556
2009,5,Sul,Outono,5266440
2009,6,Sul,Inverno,5261043
2009,7,Sul,Inverno,5315045
2009,8,Sul,Inverno,5392188
2009,9,Sul,Primavera,5362624
2009,10,Sul,Primavera,5440950
2009,11,Sul,Primavera,5591816
2009,12,Sul,Verão,5739383
2010,1,Sul,Verão,5798706.31
2010,2,Sul,Verão,5979347
2010,3,Sul,Outono,6199985
2010,4,Sul,Outono,5982263
2010,5,Sul,Outono,5730901
2010,6,Sul,Inverno,5652619
2010,7,Sul,Inverno,5706940
2010,8,Sul,Inverno,5755499
2010,9,Sul,Primavera,5711562.5
2010,10,Sul,Primavera,5628306.46
2010,11,Sul,Primavera,5758555.6899999995
2010,12,Sul,Verão,6029230.6899999995
2011,1,Sul,Verão,6285133
2011,2,Sul,Verão,6504407
2011,3,Sul,Outono,6435946
2011,4,Sul,Outono,6183233
2011,5,Sul,Outono,6147984
2011,6,Sul,Inverno,6011171
2011,7,Sul,Inverno,6081811
2011,8,Sul,Inverno,6177576
2011,9,Sul,Primavera,6133865
2011,10,Sul,Primavera,6118714
2011,11,Sul,Primavera,6045746
2011,12,Sul,Verão,6344201
2012,1,Sul,Verão,6353277.2
2012,2,Sul,Verão,6812782.48
2012,3,Sul,Outono,7026116.29
2012,4,Sul,Outono,6534981.31
2012,5,Sul,Outono,6141746.88
2012,6,Sul,Inverno,6180121.28
2012,7,Sul,Inverno,6188904.29
2012,8,Sul,Inverno,6391480.82
2012,9,Sul,Primavera,6340228.95
2012,10,Sul,Primavera,6251817.67
2012,11,Sul,Primavera,6543891.56
2012,12,Sul,Verão,6725279.41
2013,1,Sul,Verão,6617103
2013,2,Sul,Verão,6948499
2013,3,Sul,Outono,6833953
2013,4,Sul,Outono,6572123
2013,5,Sul,Outono,6613672
2013,6,Sul,Inverno,6498366
2013,7,Sul,Inverno,6544154
2013,8,Sul,Inverno,6797218
2013,9,Sul,Primavera,6572961
2013,10,Sul,Primavera,6654874
2013,11,Sul,Primavera,6849526
2013,12,Sul,Verão,6885986
2014,1,Sul,Verão,7333087
2014,2,Sul,Verão,8019594
2014,3,Sul,Outono,7281924
2014,4,Sul,Outono,7007480
2014,5,Sul,Outono,6794930
2014,6,Sul,Inverno,6627215
2014,7,Sul,Inverno,6639960
2014,8,Sul,Inverno,6872774
2014,9,Sul,Primavera,6787415
2014,10,Sul,Primavera,6922704
2014,11,Sul,Primavera,7264836
2014,12,Sul,Verão,7266585
2015,1,Sul,Verão,7330738.32
2015,2,Sul,Verão,7665269.3
2015,3,Sul,Outono,7278854
2015,4,Sul,Outono,7236051.6
2015,5,Sul,Outono,6683610.3
2015,6,Sul,Inverno,6567886
2015,7,Sul,Inverno,6446540
2015,8,Sul,Inverno,6648543.5
2015,9,Sul,Primavera,6494009.35
2015,10,Sul,Primavera,6561338.84
2015,11,Sul,Primavera,6636695.54
2015,12,Sul,Verão,6604791.22
2016,1,Sul,Verão,6978391.33
2016,2,Sul,Verão,7406977.5200000005
2016,3,Sul,Outono,7259987.59
2016,4,Sul,Outono,7326166.4799999995
2016,5,Sul,Outono,6859486.78
2016,6,Sul,Inverno,6644135.8
2016,7,Sul,Inverno,6665439.9
2016,8,Sul,Inverno,6609796.8
2016,9,Sul,Primavera,6587723.5
2016,10,Sul,Primavera,6452385.1899999995
2016,11,Sul,Primavera,6690297.96
2016,12,Sul,Verão,6944869.4
2017,1,Sul,Verão,7307446.3
2017,2,Sul,Verão,7520745.57
2017,3,Sul,Outono,7845156.26
2017,4,Sul,Outono,7275839.72
2017,5,Sul,Outono,6691196.25
2017,6,Sul,Inverno,6804976.2
2017,7,Sul,Inverno,6751139.17
2017,8,Sul,Inverno,6880099.3
2017,9,Sul,Primavera,6981237.5
2017,10,Sul,Primavera,6878050.1
2017,11,Sul,Primavera,6932667.6
2017,12,Sul,Verão,7128627.7
2018,1,Sul,Verão,7526624.319999999
2018,2,Sul,Verão,7571526.529999999
2018,3,Sul,Outono,7771959.059999999
2018,4,Sul,Outono,7527392.069999999
2018,5,Sul,Outono,7190266.670000001
2018,6,Sul,Inverno,6899775.49
2018,7,Sul,Inverno,7049955.93
2018,8,Sul,Inverno,7142685.819999998
2018,9,Sul,Primavera,6955336.27
2018,10,Sul,Primavera,7087909.8100000005
2018,11,Sul,Primavera,7173508.069999999
2018,12,Sul,Verão,7276982.62
2019,1,Sul,Verão,8000635.0600000005
2019,2,Sul,Verão,8131096.279999998
2019,3,Sul,Outono,7767428.41
2019,4,Sul,Outono,7470885.5
2019,5,Sul,Outono,7374881.39
2019,6,Sul,Inverno,7058333.919999998
2019,7,Sul,Inverno,7081184.789999999
2019,8,Sul,Inverno,7169974.359999999
2019,9,Sul,Primavera,7031952.630999999
2019,10,Sul,Primavera,7346734.09
2019,11,Sul,Primavera,7520829.950000001
2019,12,Sul,Verão,7467002.399999999
2020,1,Sul,Verão,7980474.770099999
2020,2,Sul,Verão,8120195.39
2020,3,Sul,Outono,7950412.569
2020,4,Sul,Outono,7081306.47
2020,5,Sul,Outono,6672169.1400999995
2020,6,Sul,Inverno,6566358.790000001
2020,7,Sul,Inverno,6979429.558999998
2020,8,Sul,Inverno,7110002.59
2020,9,Sul,Primavera,7263502.489999999
2020,10,Sul,Primavera,7519420.3100000005
2020,11,Sul,Primavera,7616849.5099
2020,12,Sul,Verão,7842892.709999998
2021,1,Sul,Verão,8117258.05
2021,2,Sul,Verão,7972092.380000002
2021,3,Sul,Outono,8257890.369999999
2021,4,Sul,Outono,8114934.320000001
2021,5,Sul,Outono,7579901.759999999
2021,6,Sul,Inverno,7330462.949999998
2021,7,Sul,Inverno,7472283.811
2021,8,Sul,Inverno,7611805.359000001
2021,9,Sul,Primavera,7349094.32
2021,10,Sul,Primavera,7447105.851000001
2021,11,Sul,Primavera,7611454.381000002
2021,12,Sul,Verão,7896308.779999999
2022,1,Sul,Verão,8500828.26
2022,2,Sul,Verão,8547847.719999999
2022,3,Sul,Outono,8768559.93
2022,4,Sul,Outono,7909914.340000001
2022,5,Sul,Outono,7536736.120000001
2022,6,Sul,Inverno,7594186.448999998
2022,7,Sul,Inverno,7629542.6
2022,8,Sul,Inverno,7645256.150000001
2022,9,Sul,Primavera,7536751.849999998
2022,10,Sul,Primavera,7417894.200000001
2022,11,Sul,Primavera,7584501.74
2022,12,Sul,Verão,8011390.739999999
2023,1,Sul,Verão,8304697.21
2023,2,Sul,Verão,8623366.1601
2023,3,Sul,Outono,8953570.25
2023,4,Sul,Outono,8645236.81
2023,5,Sul,Outono,7868683.14
2023,6,Sul,Inverno,7697984.850000001
2023,7,Sul,Inverno,7705370.51
2023,8,Sul,Inverno,7787582.83
2023,9,Sul,Primavera,7809609.301
2023,10,Sul,Primavera,8042208.960000001
2023,11,Sul,Primavera,8039109.220000001
2023,12,Sul,Verão,8365523.170000001
2024,1,Sul,Verão,8896396.660999998
2024,2,Sul,Verão,9152087.220099999
2024,3,Sul,Outono,9355275.2189
2024,4,Sul,Outono,9077472.571
